Students,ENG,MATH,CS,TOTAL,AVERAGE
Niru,95,90,98,283,94.33333333
Des,90,87,90,267,89
Sam,54,90,97,241,80.33333333
Ditt,75,87,93,255,85
Chukku,67,78,54,199,66.33333333
Sappi,35,45,78,158,52.66666667
Kari,68,56,65,189,63
Anj,85,90,97,272,90.66666667
Faffi,76,78,65,219,73
Kp,78,78,87,243,81
